"participantId","Education","Food","Recreation","Shelter","Wage","RentAdjustment","Total_Expense","Month_count"
0,38,261.8,365.3,555,9151.4,0,1220.1,12
1,38,263.9,553.1,555,8031.3,0,1410.1,12
2,12.8,288.9,347.7,556.6,7092.3,0,1206,12
3,38,283,392,555,6855.8,0,1268,12
4,12.8,271.8,526.3,1404.5,8837.9,400.8,2215.5,12
5,12.8,345.4,428.3,600,1934.1,0,1386.5,12
6,12.8,318.4,630.7,581.2,1950.6,0,1543.1,12
7,12.8,505.2,481.2,1013.2,6073.1,0,2012.4,12
8,12.8,496.8,442.2,1179.6,3712.1,0,2131.4,12
9,91.1,285.9,375.5,558,12714.6,0,1310.5,12
10,12.8,395.1,257.3,560.9,6608.6,0,1226.1,12
11,73.2,286.4,419.8,556.2,6711,0,1335.6,12
12,38,269.4,554.1,556.9,6387.3,0,1418.4,12
13,12.8,454.2,527.4,1301.6,5836.1,0,2296,12
14,12.8,435.3,424.1,1135.7,7268,0,2007.9,12
15,38,259.6,381.1,558.8,6296.5,0,1237.5,12
16,12.8,271.5,353,562.4,9772.8,0,1199.7,12
17,38,300.5,398.1,558.8,17619.9,0,1295.4,12
18,91.1,288.4,425.4,559.6,17644.6,0,1364.5,12
19,12.8,407.7,496.2,571,9072.5,0,1487.6,12
20,12.8,346.6,418.9,573.9,5978.5,0,1352.2,12
21,12.8,341.6,724.3,688.4,2443,0,1767.1,12
22,12.8,432.8,450.1,1014.5,3476.2,0,1910.1,12
23,91.1,294.7,690.1,559.6,5200.7,0,1635.5,12
24,12.8,301.8,388.3,573.9,8137.5,0,1276.8,12
25,12.8,394.4,305.9,587,5860.4,0,1300.2,12
26,12.8,395.6,539.4,587,5492.7,0,1534.8,12
27,38,294.9,402.3,562.6,6251.5,0,1297.8,12
28,38,258.3,683.5,562.6,13674.4,0,1542.4,12
29,12.8,298,307.1,616,4587,0,1233.8,12
30,12.8,427.8,493.2,1151.3,2120.8,321,2085,12
31,91.1,294.5,360.8,567.4,14944.5,0,1313.8,12
32,38,289,292.8,570.1,6085.9,0,1189.9,12
33,73.2,307.4,218.2,573.3,12131.4,0,1172.1,12
34,12.8,273.6,638,1204.4,4166.3,174.7,2128.8,12
35,12.8,439.7,555.8,626.1,2071.8,0,1634.4,12
36,12.8,295.7,332.7,642.1,14700.5,0,1283.3,12
37,38,272,489,573.9,6082,0,1372.9,12
38,38,292.6,412.7,573.9,5053.8,0,1317.2,12
39,12.8,277.7,572.5,749.3,4023.5,0,1612.4,12
40,38,416.1,575.4,602.3,2269.8,0,1631.8,12
41,12.8,436.1,428.6,665.3,2086.7,0,1542.8,12
42,73.2,282.4,294.6,576.8,5865.5,0,1227,12
43,38,283.8,583.1,577.7,11821.2,0,1482.6,12
45,38,262.9,318.7,577.7,14518.7,0,1197.2,12
46,38,274.5,529.2,577.7,5809.5,0,1419.4,12
47,12.8,411.7,252.4,665.3,5395.3,0,1342.2,12
48,12.8,441,415.5,665.3,5255.2,0,1534.6,12
49,38,291.8,307.6,579.6,14379.2,0,1217,12
50,12.8,300,547.4,665.3,5186.1,0,1525.5,12
51,12.8,423.9,303.2,668.2,13316.2,0,1408.1,12
52,12.8,433.9,574.2,900.1,2768.9,0,1921,12
53,38,257.9,360.9,580.2,4400.2,0,1237,12
54,12.8,272.5,508,1556.4,8421.1,0,2349.7,12
55,12.8,460,473,669,2129.8,0,1614.9,12
56,12.8,428,377.9,1068.1,3630.2,0,1886.8,12
57,12.8,261.1,394.6,681.2,11437.6,0,1349.7,12
58,12.8,280.4,349.9,580.3,14170.9,0,1223.4,12
59,38,272.8,397.6,583.4,11526.9,0,1291.8,12
60,12.8,396.4,499.7,687,5056.8,0,1595.8,12
61,12.8,432.5,309.4,696.8,5092.4,0,1451.5,12
62,12.8,290,325.1,696.8,7763.4,0,1324.7,12
63,12.8,428,392.4,698.6,5030.4,0,1531.8,12
64,12.8,446.4,393.8,698.6,4811.8,0,1551.7,12
65,12.8,258.8,432.2,698.6,4753.1,0,1402.3,12
66,12.8,370.1,800.5,1174.2,6671.2,0,2357.6,12
67,12.8,401.7,191.7,698.6,4744.6,0,1304.8,12
68,12.8,409.5,282.7,701.5,4608.3,0,1406.5,12
69,12.8,485.9,403.3,1075.4,4429.1,0,1977.4,12
70,12.8,314,481,846.4,2734.2,0,1654.2,12
71,12.8,455.6,470.1,846.4,2739.6,0,1784.9,12
72,38,291.8,455.4,587.2,10845.5,0,1372.4,12
73,12.8,426.2,353,702.3,7260.5,0,1494.2,12
74,38,450.9,539,602.3,1932.2,0,1630.2,12
75,0,334.6,623.9,914.4,2978.1,0,1872.9,12
76,0,304.1,308.4,702.3,4563.2,0,1314.8,12
77,0,295.4,464.2,707.8,4559,0,1467.4,12
78,0,348.5,388.9,588,13372.9,0,1325.4,12
79,0,272.7,158.5,588,5872.6,0,1019.2,12
80,0,398.8,201,709.6,4499.2,0,1309.4,12
81,0,393.8,467.5,1121.1,5766,0,1982.4,12
82,0,563.2,487.6,1066.7,6317.9,0,2117.5,12
83,0,298.6,40.4,589.1,5764.9,0,928.1,12
84,0,435.9,372.4,715.1,4416.2,0,1523.3,12
85,0,384.7,634.2,715.1,4367.3,0,1734,12
86,0,419.8,223.7,716,4300.2,0,1359.4,12
87,0,426.5,590,628.9,2295.4,0,1645.4,12
88,0,487.8,468.3,602.3,1966.4,0,1558.4,12
89,0,291.8,351.5,590.6,5661.5,0,1233.9,12
90,0,252.8,306.6,590.6,5563,0,1149.9,12
91,0,430.8,471.5,608,1935.7,0,1510.3,12
92,0,272.9,385.4,720.6,4211.5,0,1378.9,12
93,0,393.7,345.2,720.6,4050,0,1459.5,12
94,0,400.2,239.9,720.6,7179.2,0,1360.7,12
95,0,295.1,459,724.2,3849.4,0,1478.3,12
96,0,398.3,352.1,724.2,4045.9,0,1474.7,12
97,0,500.7,507.5,1014.5,5778.1,0,2022.6,12
98,0,436.8,229.7,724.2,4004,0,1390.7,12
99,0,428.8,296.1,726.1,6699.4,0,1451,12
100,0,308,368.8,597.4,3909.8,0,1274.1,12
101,0,271.7,0,600.8,5505.3,0,872.4,12
102,0,291.8,541.1,602.3,10739,0,1435.1,12
103,0,281.8,285.1,602.3,10292.9,0,1169.2,12
104,0,298.2,559.6,628.9,2287.5,0,1486.7,12
105,0,549.3,410.7,839.5,3073.5,0,1799.4,12
106,0,298.5,528.7,898.1,5412.6,0,1725.3,12
107,0,410.5,191.7,726.1,3951.9,0,1328.3,12
108,0,294.3,246.9,602.3,5474,0,1143.5,12
109,0,286.4,744.7,603.5,5484.6,0,1634.6,12
110,0,293.4,506.8,603.5,5386.3,0,1403.6,12
111,0,293.6,606.2,608,1916,0,1507.9,12
112,0,434.9,256.7,740.7,10704.5,0,1432.3,12
113,0,397.1,449.5,1104.3,6090,0,1950.9,12
114,0,395.8,184.7,742.5,9422.6,0,1323,12
115,0,300.7,455.9,742.5,3958.6,0,1499,12
116,0,295.7,343.4,603.5,12977,0,1242.5,12
117,0,397.4,534.2,1290.4,5832.5,286.4,2222,12
118,0,293.4,493.3,603.5,10152.6,0,1390.2,12
119,0,417.8,440.3,744.4,9222.8,0,1602.6,12
120,0,331.5,601.9,850.8,3227.2,0,1784.2,12
121,0,447.2,334.1,749.3,3922,0,1530.6,12
122,0,293.1,365.7,605.3,5373.5,0,1264,12
123,0,271.7,337.8,608,5311.3,0,1217.5,12
124,0,302,283.1,608,12766.3,0,1193.1,12
125,0,273.6,570.2,608,11490.8,0,1451.9,12
126,0,403.4,516.1,632.6,2111.9,0,1552.1,12
128,0,441,423.9,900.1,4571.2,0,1764.9,12
129,0,382.4,620.1,749.3,3795.8,0,1751.8,12
130,0,433.1,434.8,749.3,3781.9,0,1617.2,12
131,0,299.2,661.1,888.5,3163.6,0,1848.8,12
132,0,288.3,442.3,749.3,8659.6,0,1479.9,12
133,0,394.5,316.5,749.3,3749.4,0,1460.3,12
134,0,261.3,132.5,615.6,5282.7,0,1009.4,12
135,0,463.2,593.4,794.2,3530.1,0,1850.8,12
136,0,426.7,360.7,749.3,8482.9,0,1536.6,12
137,0,277.8,395.7,659.2,2212.4,0,1332.7,12
138,0,438.8,427.9,1001.5,3723.1,0,1868.2,12
139,0,413.2,389.4,1263.8,4233.9,0,2066.3,12
140,0,300.4,306.2,615.6,10027.9,0,1222.2,12
141,0,449.4,447.2,893.7,3416.4,66.9,1790.2,12
143,0,250.9,722.6,615.6,5238.3,0,1589.1,12
144,0,407.1,442,751.7,3671.2,0,1600.8,12
145,0,295.2,715,623.2,2249.2,0,1633.4,12
146,0,417.9,446.1,751.7,3661.6,0,1615.7,12
147,0,290.3,579.3,751.7,3585.2,0,1621.3,12
148,0,297.6,290.1,615.6,9854.2,0,1203.3,12
149,0,466.4,620.7,623.2,2054.7,0,1710.3,12
150,0,294.3,342,615.6,9214.4,0,1251.8,12
151,0,343.9,374.9,615.6,3781,0,1334.4,12
152,0,437.6,249.7,759,3550.1,0,1446.3,12
153,0,543.1,531.6,885.7,2955.6,0,1960.5,12
155,0,331.6,602.4,615.6,11453.7,0,1549.6,12
156,0,398.1,441,760.9,3482,0,1600,12
157,0,290.6,155.2,616.4,11372.9,0,1062.3,12
158,0,377.7,413.8,768.2,7623.1,0,1559.7,12
159,0,261.8,195.2,616.4,5215.8,0,1073.4,12
160,0,293.5,263.2,617.5,8883.3,0,1174.2,12
162,0,317.7,624.3,775.4,2633.8,0,1717.3,12
163,0,264.8,518.3,617.5,5213.8,0,1400.6,12
164,0,550.1,501.4,1223.5,4739.9,0,2275.1,12
165,0,391.9,432.4,1121.1,6250.5,0,1945.4,12
166,0,417.6,410,768.2,3441.1,0,1595.8,12
167,0,429.9,571.9,1106.2,3424.2,0,2108,12
168,0,398.2,223.6,348.4,6579.2,0,970.2,12
169,0,441.8,371.8,351.1,3374.4,0,1164.7,12
170,0,272.7,341.6,350.2,8772.1,0,964.5,12
171,0,284,240.9,350.2,3645.3,0,875.1,12
172,0,433.5,363.5,360.3,6223.2,0,1157.3,12
173,0,411.8,371.8,549.6,6049.8,42.3,1333.2,12
174,0,553.7,367.1,421.6,1998.6,0,1342.4,12
175,0,275.9,357.7,360.3,3355.5,0,993.9,12
176,0,508,495.2,509.3,3537.1,0,1512.6,12
177,0,399.7,330.4,363,3304.7,0,1093.1,12
178,0,266.3,11.1,441.7,4047.7,47.3,719.1,12
179,0,412.1,679.6,573.4,2358.7,0,1665.1,12
180,0,308.6,5.4,507.3,3405.7,0,821.4,12
181,0,301.4,511.9,452.6,1963.2,0,1265.9,12
182,0,283.4,387.3,554,2159.1,0,1224.7,12
183,0,295.2,21.7,394.4,10887.4,15.8,711.3,12
184,0,300.8,562,567.9,2390.4,0,1430.7,12
185,0,288.1,6.7,378.6,5204.4,0,673.4,12
186,0,448.4,20.7,455.9,4507.6,60.8,924.9,12
187,0,304.2,0,395.1,3319.2,20.3,699.3,12
188,0,417.6,33.2,343,6591.2,45.7,793.8,12
189,0,297.6,0,297.3,10171.8,15.2,594.8,12
190,0,423.8,395.1,366.7,6571.1,0,1185.6,12
191,0,388,219.7,366.7,3285.4,0,974.4,12
192,0,302.1,1.9,282,5114.1,7.6,586.1,12
193,0,272.8,75.7,412,5901.8,54.9,760.6,12
194,0,276.9,2.7,274.4,8761.9,0,554,12
195,0,294.6,1.7,357.1,10351.8,18.3,653.3,12
196,0,346.1,335.3,372.2,2677.3,0,1053.6,12
197,0,552.5,337.4,635.5,2587.8,0,1525.4,12
198,0,292.7,3,338.8,8448.9,9.2,634.5,12
199,0,394.4,351.7,375.8,3286.6,0,1121.9,12
200,0,294.2,1.8,329.6,10166.9,0,625.6,12
201,0,283.7,0,374.8,4993.8,10.1,658.5,12
202,0,297.8,586.3,631.9,2814.2,0,1516,12
203,0,463.9,515.6,487,2405,0,1466.5,12
204,0,304.4,0,364.7,3247.6,0,669.1,12
205,0,275,275.3,350.2,4990.5,0,900.5,12
206,0,417.3,455.2,376.8,3177.1,0,1249.3,12
207,0,284.5,17.2,353.4,4628.5,47.1,655.1,12
208,0,271.8,368.9,379.5,3150.7,0,1020.2,12
209,0,281.8,1.4,306.3,4952.4,15.7,589.5,12
210,0,461.7,456.4,501.1,1930.9,0,1419.2,12
211,0,303.4,1.3,290.6,8455.9,7.9,595.2,12
212,0,335.7,823.8,433.4,1994.1,0,1592.9,12
213,0,269.2,19.5,367.7,3591,39.4,656.4,12
214,0,303.2,0,328.3,4831.7,13.1,631.6,12
215,0,268,1.3,315.2,8255.3,0,584.5,12
216,0,305.3,1.6,282.7,4831.6,0,589.5,12
217,0,257.4,599.6,550.5,2103.3,0,1407.6,12
218,0,404.4,663.9,523.4,1910.3,0,1591.8,12
219,0,416.2,20.3,300.9,2436.2,32.2,737.4,12
220,0,449.5,518.5,673,5349.7,0,1641,12
221,0,383.8,302.3,472.7,2999.8,36.4,1158.8,12
222,0,437.7,311.3,386.8,3124.7,0,1135.8,12
223,0,303.3,519.3,567.9,3163.6,0,1390.5,12
224,0,298,10.7,268.6,3210.3,10.7,577.3,12
225,0,262.9,0,257.9,4804.1,0,520.8,12
226,0,383.9,330.1,517.4,5087,39.8,1231.4,12
227,0,430.5,275.5,395,3151.9,0,1101,12
228,0,285.5,4.8,436.3,8126.4,0,726.6,12
229,0,279.4,18.1,488.4,5370.7,65.1,785.8,12
230,0,287.1,0,477.6,8037.3,0,764.7,12
231,0,544.8,483,472.8,1942.3,0,1500.6,12
232,0,290.1,442.2,452.6,1946.9,0,1184.9,12
233,0,285.1,0,423.3,9940.1,21.7,708.4,12
234,0,415.5,274.2,396.9,5978.2,0,1086.6,12
235,0,246,14.2,534.8,4244.6,57.3,795,12
236,0,244.4,2.7,477.5,3142.6,19.1,724.6,12
237,0,256.7,1.6,458.4,9858.6,0,716.6,12
238,0,302.7,3,401.5,2996.9,10.8,707.2,12
239,0,555.2,664.5,480.1,1912,0,1699.8,12
240,0,401.8,399.3,405.1,6012.2,0,1206.2,12
241,0,282.9,2.9,390.7,4747.8,0,676.5,12
242,0,256.7,609.1,350.2,9750,0,1215.9,12
243,0,436.6,354,406.9,1925.2,0,1197.6,12
244,0,421.5,433.2,514.8,2753.9,0,1369.4,12
245,0,418.1,71.1,461.1,5912.6,61.5,950.3,12
246,0,458.6,484.5,502,1920.8,0,1445.1,12
247,0,522,497.5,523.1,1918.8,0,1542.6,12
248,0,302,0,399.6,8003.2,20.5,701.7,12
249,0,407.8,282.3,434.1,3728.1,33.4,1124.1,12
250,0,420.9,320.4,406.9,3096.8,0,1148.2,12
251,0,352.9,248.4,411.5,3048.9,0,1012.8,12
252,12.8,294.9,455.6,618.9,4689,0,1382.2,12
253,12.8,409.8,437.9,621.5,9579.1,0,1482,12
254,38,294.6,386.2,617.5,7805.8,0,1336.4,12
255,91.1,425.8,563.8,634.4,2027.2,0,1715.1,12
257,91.1,437.5,498.9,621.5,4605.9,0,1649,12
258,91.1,436.4,542.7,840.7,2659.1,0,1910.9,12
259,38,293.6,84.5,617.5,4721.4,0,1033.6,12
260,91.1,383.5,411.8,626.7,8605.6,0,1513.1,12
261,91.1,279.1,569,631.8,4495.5,0,1571,12
263,38,298.9,339.2,618,4716.1,0,1294.1,12
264,38,281.3,387.7,618,4726.8,0,1325,12
265,38,303.2,42.6,621.4,7846.5,0,1005.2,12
266,91.1,313.7,811.2,887.1,5287.7,0,2103.1,12
268,38,272.3,339.5,621.4,4764.4,0,1271.2,12
269,91.1,281.4,535.9,631.8,4503.3,0,1540.2,12
270,73.2,278.3,363.7,621.5,4677.5,0,1336.7,12
271,91.1,413.1,365.1,637,4378.6,0,1506.4,12
272,91.1,510.5,580.4,1023.4,3266.2,0,2205.4,12
273,91.1,325.2,617.3,719.5,2341.5,0,1753.1,12
274,91.1,449.3,413.8,776.2,2972.9,0,1730.3,12
275,38,292.4,236.4,625.1,4682.1,0,1192,12
276,73.2,345.8,396,631.9,7605.1,0,1446.9,12
277,38,564.8,435.6,851.4,2707.1,0,1889.8,12
278,73.2,302.6,189.6,631.9,7329.3,0,1197.3,12
280,38,266,209.1,632.6,7311.2,0,1145.7,12
281,91.1,446.6,320.9,637,4198.5,0,1495.5,12
282,38,297.8,225.2,632.6,4550.4,0,1193.6,12
283,38,455.3,514.9,1247.3,6264.3,0,2255.5,12
284,38,297.9,632.3,634.5,2099.3,0,1602.7,12
286,91.1,444.2,380.8,645,4120.5,0,1561.1,12
287,91.1,446.1,574,649.7,3876.6,0,1760.9,12
289,38,456.2,559.6,993.6,6322,0,2047.4,12
290,38,286.4,516.2,634.5,9554.1,0,1475.1,12
291,91.1,310,448.3,649.7,2779.9,0,1499,12
292,38,448.7,457.1,855.9,3036.4,0,1799.6,12
293,38,285.2,480.3,634.5,4515,0,1437.9,12
294,91.1,456.3,498.8,691.1,2167.6,0,1737.3,12
295,91.1,383.6,498.3,649.7,8182.7,0,1622.7,12
296,91.1,447.9,426.9,654.8,7886.9,0,1620.8,12
297,38,284.4,51.2,641.3,4454.7,0,1014.9,12
299,91.1,276.7,501.7,660.2,3845.2,0,1529.8,12
300,38,287.1,367.8,641.3,4413.3,0,1334.2,12
302,73.2,293.6,238.1,652.3,4449,0,1257.2,12
303,91.1,440.6,505.8,660.2,7612.5,0,1697.7,12
304,38,300.9,216.6,657.5,4433.1,0,1213,12
305,91.1,321.9,698.2,1001.2,3870,0,2112.4,12
306,38,296.4,309.2,657.5,4390.4,0,1301.1,12
307,91.1,455.6,687.1,760.8,2776.1,0,1994.5,12
308,73.2,349.7,402.7,659.2,4361.2,0,1484.7,12
309,38,268.7,539.4,659.2,4370.6,0,1505.3,12
310,73.2,281.9,466.8,659.2,4246.7,0,1481.2,12
311,91.1,277.4,558.3,691.1,2341.6,0,1617.8,12
312,38,293.1,121.4,659.2,4233.1,0,1111.7,12
313,73.2,300.8,40.9,659.2,2945.8,0,1074.1,12
314,91.1,442.2,530.4,665.4,3792.8,0,1729.1,12
315,73.2,265.9,382.7,659.2,8420.3,0,1381,12
316,38,259.9,354.9,659.2,4148.8,0,1312,12
317,91.1,294.6,421.8,667.9,2792.7,0,1475.5,12
318,91.1,270.1,488.1,678.3,3730.8,0,1527.6,12
319,38,297,361.3,659.2,2731,0,1355.5,12
320,38,319.4,507.5,678.3,6560.3,0,1543.2,12
321,91.1,537.1,707,1088.3,5168.8,0,2423.5,12
322,91.1,287.5,579,691.1,3642.9,0,1648.7,12
323,91.1,409.1,580.8,1499.3,6445.4,0,2580.4,12
324,73.2,297.8,294.3,659.2,4101,0,1324.5,12
325,91.1,263.9,375.2,706.2,3656.9,0,1436.4,12
326,91.1,442.8,427.9,706.2,6302.7,0,1668,12
327,0,299.6,110.2,659.2,4148.7,0,1069,12
328,0,416.1,145,706.2,2643.3,0,1267.2,12
329,0,291.8,67.8,661.1,7321,0,1020.7,12
330,0,287,521.8,830.4,3313.5,0,1639.2,12
331,0,408.9,266.4,706.2,6944.6,0,1381.4,12
332,0,293.1,320.1,661.1,7205,0,1274.3,12
333,0,292.1,143.7,661.1,7089.4,0,1096.9,12
334,0,276.7,301.7,661.9,6966.6,0,1240.3,12
335,0,277.8,406.7,661.9,8282.5,0,1346.3,12
336,0,442.3,411.2,709.4,6445.1,0,1562.9,12
337,0,273,358.3,676.3,8302.4,0,1307.6,12
338,0,300.3,708.2,719.5,2389.2,0,1728.1,12
339,0,301,128.7,676.3,6925.7,0,1106,12
340,0,352.5,300.5,676.3,8147.6,0,1329.3,12
341,0,287.6,418,676.3,4014,0,1381.9,12
342,0,412.7,360,709.4,3599.1,0,1482.1,12
343,0,252.1,306.4,676.3,6598.6,0,1234.8,12
344,0,277.5,252,676.3,3952.8,0,1205.8,12
345,0,443.3,402.2,709.4,6213,0,1554.9,12
347,0,298.1,317.5,676.3,6625.7,0,1291.9,12
348,0,413.1,427.4,712.7,3542.6,0,1553.1,12
349,0,407.3,366.3,715.9,3453.4,0,1489.6,12
350,0,421.2,392.1,715.9,6279.5,0,1529.2,12
351,0,255.9,403.5,676.3,6270,0,1335.7,12
353,0,442.7,307,715.9,2575.1,0,1465.6,12
354,0,292.8,258.9,676.3,2717.5,0,1228,12
355,0,394.5,568.8,1088.3,5715.2,0,2051.6,12
357,0,399.1,398.4,719.2,6128.5,0,1516.7,12
358,0,462,725.5,822.7,2546.5,0,2010.2,12
359,0,455,705.2,737.6,2526.7,0,1897.8,12
360,0,268.2,587.1,719.2,3510.9,0,1574.5,12
361,0,353.4,380.7,677.4,2688.8,0,1411.5,12
362,0,351,615.5,999,3137,0,1965.5,12
363,0,301.6,292,719.5,5805.5,0,1313.1,12
364,0,261.9,162.6,677.4,3966.3,0,1101.9,12
365,0,302.7,429.5,719.5,2490.7,0,1451.7,12
366,0,289.8,227.7,677.4,3941.8,0,1195,12
367,0,263.4,397.9,677.4,3938.2,0,1338.7,12
368,0,301.5,313.8,686.1,8148.2,0,1301.4,12
369,0,276.7,265.4,686.1,3898.7,0,1228.3,12
370,0,323.6,609.4,1088.3,5294.9,0,2021.3,12
371,0,386.5,508.3,719.5,3361.9,0,1614.3,12
372,0,411.3,614.1,1098.9,3526,269.4,2124.3,12
373,0,323,583.6,1029.8,4533.8,0,1936.4,12
374,0,307.4,680.7,776.2,2591.4,0,1764.2,12
375,0,238.5,428.8,694.1,3814.3,0,1361.4,12
376,0,347.4,427.3,694.1,3809.6,0,1468.9,12
377,0,298.2,15.1,694.1,7928.1,0,1007.4,12
378,0,435,624.9,993.6,3054.4,0,2053.5,12
379,0,302,37.7,695.2,3832.4,0,1034.9,12
381,0,427.6,483.7,719.5,3221.5,0,1630.8,12
385,0,444.9,435.7,722.4,3205,0,1603.1,12
386,0,312.9,514.4,737.6,5647.9,0,1565,12
387,0,307.3,457.5,737.6,3174.2,0,1502.4,12
388,0,455.8,733.9,999,4475,0,2188.7,12
389,0,297.9,461.2,742,5098.7,0,1501.1,12
390,0,282.5,580.3,1047.9,3357.2,0,1910.7,12
391,0,296.5,133.5,700.3,2694.1,0,1130.2,12
393,0,319.1,558.7,960,2930.5,0,1837.8,12
394,0,277.4,472.3,742,3181.9,0,1491.7,12
395,0,562.4,507.1,990.3,3947.2,0,2059.8,12
396,0,286.5,501.7,742.7,5740.9,0,1530.9,12
397,0,423.5,353.4,745.2,3217,0,1522.1,12
398,0,323.9,634.8,1103.2,3990.8,0,2061.9,12
399,0,290.1,481.5,700.3,3767.9,0,1471.9,12
400,0,438.1,567.9,760.8,3136,0,1766.9,12
401,0,268.9,357.9,700.3,3778.2,0,1327.1,12
402,0,423,573.4,700.3,2196.6,0,1696.6,12
403,0,432.3,526.7,1026.5,3496.8,202.5,1985.4,12
404,0,280.1,238.5,700.3,2566.3,0,1218.9,12
405,0,310,516.1,761.5,3165.3,0,1587.6,12
408,0,432.6,666.6,793.5,2708,0,1892.6,12
409,0,421.3,521.3,761.5,4669.2,0,1704,12
410,0,294.7,376,701.8,3783.8,0,1372.5,12
411,0,408,436.2,761.5,3159.3,0,1605.8,12
412,0,316.9,685.8,705.1,2200.6,0,1707.8,12
413,0,348.2,380.1,703.8,7795.7,0,1432.1,12
414,0,321.8,430.6,703.8,3727.2,0,1456.2,12
415,0,301.7,207.2,703.8,3749.5,0,1212.7,12
416,0,424.5,336.3,761.5,5732,0,1522.3,12
417,0,418.9,540.5,830.4,2767.8,0,1789.7,12
418,0,302.9,715.3,795.7,3089.6,0,1814,12
419,0,392.4,688,709.9,2445.5,0,1790.3,12
420,0,268.5,5.9,400.7,3712.5,0,675.1,12
421,0,299.6,424.3,353.1,5636.6,0,1077,12
422,0,447.9,343.5,356.3,4304.1,0,1147.6,12
423,0,293.5,0,379.1,3676.2,10.2,672.6,12
424,0,404.5,598.2,530.4,1917.2,0,1533.1,12
425,0,428,328.3,356.3,3116.8,0,1112.7,12
426,0,447.6,300.8,371,4022.7,0,1119.5,12
427,0,390.1,670.9,431.2,4764.3,0,1492.2,12
428,0,294.2,2.2,368.9,3671,0,665.3,12
429,0,250.3,311.2,351.4,7690.2,0,912.9,12
430,0,358,847.4,499.5,2482.8,0,1704.9,12
431,0,387.8,398.6,371,3049,0,1157.5,12
432,0,311.9,564.4,421.4,2411.9,0,1297.7,12
433,0,283.8,3.6,352.5,6359.4,0,639.9,12
434,0,300.2,581.6,371,5474.2,0,1252.9,12
435,0,345.9,857.1,499.5,1919,0,1702.5,12
436,0,436.7,516.4,530.4,1924.2,0,1483.5,12
437,0,284.2,444.8,372.6,3024,0,1101.6,12
438,0,428.2,386.7,380.7,3905.8,0,1195.5,12
439,0,471.8,693.7,691.5,2669.2,0,1857,12
440,0,262.1,353.3,354.9,3698,0,970.3,12
441,0,574.1,614.6,582.6,1926.2,0,1771.3,12
442,0,417.3,403,380.7,5061.3,0,1201,12
443,0,414.2,631.4,598.7,1918.3,0,1644.2,12
444,0,259.2,145.2,354.9,7682.7,0,759.3,12
445,0,444.2,410.4,380.7,4888.9,0,1235.3,12
446,0,298.5,325.6,358.5,7510.7,0,982.6,12
447,0,284.4,501.9,645.7,3673.1,0,1432,12
448,0,280.9,554.2,574.2,3810.5,44.2,1409.4,12
449,0,444.7,424.4,380.7,3662.3,0,1249.8,12
450,0,272.7,477.1,381.9,2927.1,0,1131.7,12
451,0,259.1,30.2,530,3592,0,819.4,12
452,0,446.8,499,427.9,2067.6,0,1373.6,12
453,0,274.8,638,396.8,1923.7,0,1309.6,12
454,0,266.4,362.8,358.5,6023.4,0,987.7,12
455,0,279.7,383.1,358.5,3602.3,0,1021.3,12
456,0,430.2,471.9,465.4,2092.5,0,1367.4,12
457,0,287.1,120.2,359.7,3596.2,0,767,12
458,0,251.9,409.1,361.7,3557.2,0,1022.7,12
459,0,447.1,429.2,381.9,4890.9,0,1258.2,12
460,0,433.4,479.1,437.2,2647.1,33.6,1349.8,12
461,0,299.8,72.4,403.6,5999.1,0,775.8,12
462,0,307.3,748.4,523.9,1909.4,0,1579.6,12
463,0,416.9,354.1,388.9,3531.5,0,1159.9,12
464,0,309,466.1,557.8,3451.9,42.9,1332.9,12
465,0,274.6,33.8,514.9,3545,0,823.3,12
466,0,264,241.4,362.1,3544.2,0,867.5,12
467,0,375.3,558.8,388.9,2922.4,0,1323,12
468,0,429.5,323,390.5,2879.9,0,1143,12
469,0,300.3,460,392.1,4901.2,0,1152.4,12
470,0,284.2,47.2,339.1,2655.6,36.3,670.5,12
471,0,301.8,0,302.8,7432.2,12.1,604.7,12
472,0,290.2,711.6,515.6,2561.9,0,1517.4,12
473,0,268.2,556.5,395.4,4805.6,0,1220.1,12
474,0,304.5,1.4,290.7,7347.8,0,596.5,12
475,0,344,488.6,362.1,7128.4,0,1194.7,12
476,0,281.9,442,362.1,3533.6,0,1086,12
477,0,448.1,353.3,398.6,2837.9,0,1200,12
478,0,343.8,451,398.6,4794.8,0,1193.4,12
479,0,446.8,619.3,509.3,1955.6,0,1575.4,12
480,0,271.9,319.4,362.1,3543.4,0,953.4,12
481,0,447,468.2,409.9,2459.7,0,1325.2,12
482,0,269.4,314.5,362.1,3516.6,0,946,12
483,0,287.1,380.8,364.5,6986.6,0,1032.4,12
484,0,272.5,703.4,515.6,2787.2,0,1491.5,12
485,0,258.2,380.7,364.5,2553.4,0,1003.5,12
486,0,274.2,230.2,368.1,2479.9,0,872.5,12
487,0,394.9,404.9,413.1,4640.9,0,1212.9,12
488,0,409,489.7,530.4,1999.1,0,1429.1,12
489,0,278.5,152.2,369.3,6010.3,0,800,12
490,0,265.2,293.8,370.5,3553.3,0,929.5,12
491,0,412.4,45,534.1,4476.7,57.2,991.4,12
492,0,270.2,378.1,416.5,4478,0,1064.8,12
493,0,399,518.3,416.5,4478.7,0,1333.8,12
494,0,302.1,0,476.9,3529.6,19.1,779,12
495,0,417.8,588.1,418.2,2828.8,0,1424.1,12
496,0,283.1,10.8,457.8,3456.2,0,751.7,12
497,0,423.4,700.5,606.9,2462.6,119.1,1730.9,12
498,0,445.6,452.8,423,2797.5,0,1321.4,12
499,0,304.4,413.9,374.7,6970.1,0,1093,12
500,0,268.6,527,372.9,3465.1,0,1168.5,12
501,0,421.8,638.7,509.3,2757.6,0,1569.7,12
502,0,416.4,508.3,427.9,2841,0,1352.6,12
503,0,412.8,648.4,519,1960.3,0,1580.3,12
504,73.2,277.3,341.4,710.5,3431.3,0,1402.4,12
505,38,430.1,610.9,716,3436.7,0,1795,12
506,38,304,491,717,6959,0,1549.9,12
507,38,302,614.8,713.3,2341.1,0,1668.1,12
508,91.1,291.7,762.8,804.4,2969,0,1949.9,12
511,73.2,288.7,368,713.3,3422.6,0,1443.2,12
513,73.2,298,317.3,721,3418.7,0,1409.5,12
515,38,393.3,363.2,724.2,3358.2,0,1518.8,12
516,38,411.3,502.4,724.2,3191.6,0,1675.9,12
517,38,436.3,284.7,729,3187,0,1488.1,12
518,38,432.8,299.8,729,3175.5,0,1499.6,12
519,38,462,719.8,734.9,2506,0,1954.7,12
520,73.2,289,324.5,721,5820.7,0,1407.7,12
521,38,383.6,280,731.4,3065.8,0,1433,12
522,38,295.8,308.8,723.5,2347.4,0,1366.1,12
524,73.2,273.8,306.3,724.4,5833.5,0,1377.7,12
525,73.2,272.3,32.5,724.4,3366.8,0,1102.4,12
527,38,332.9,640.2,734.9,2994.3,0,1746,12
528,73.2,299.9,2.4,727.8,3338.8,0,1103.3,12
529,38,428,326,738.6,6530.1,0,1530.6,12
530,38,254.2,597.5,741,2967.1,0,1630.8,12
531,73.2,321.3,357.8,727.8,3335.4,0,1480.1,12
532,38,278,418.7,732.1,6703.4,0,1466.8,12
533,38,428.4,478.8,748.1,2953.3,0,1693.3,12
534,73.2,302.4,493.8,738.1,5788.1,0,1607.5,12
535,38,426.3,416.2,748.1,5673.1,0,1628.6,12
536,38,291.9,290.9,738.1,3317.4,0,1358.9,12
537,38,433.2,686.5,791.7,2498.1,0,1949.4,12
538,38,433.5,522.9,748.1,5664.2,0,1742.5,12
540,12.8,448.9,554.7,786.1,2506,0,1802.5,12
542,38,290.4,440.2,738.1,5770,0,1506.7,12
543,38,420.8,548.4,760.1,2960,0,1767.2,12
544,38,415.9,348.2,760.1,5605.2,0,1562.2,12
545,38,385.5,574.7,760.1,2948.9,0,1758.3,12
546,73.2,282.2,478.2,748.4,5657.2,0,1582,12
547,73.2,350.8,271.3,748.4,5680.8,0,1443.7,12
548,73.2,273.9,480.6,749.5,5679.7,0,1577.2,12
549,73.2,353.3,306,749.5,3335.2,0,1482,12
550,12.8,413.2,501.7,767.2,2902.2,0,1694.9,12
551,12.8,430.4,618,767.2,6481.3,0,1828.4,12
552,73.2,303.5,66.8,749.5,6575.9,0,1193,12
554,38,400.5,367.7,767.2,2892.9,0,1573.4,12
555,38,425.9,483.8,776.8,2845.4,0,1724.6,12
556,38,382.7,677.3,776.8,2782.8,0,1874.8,12
557,38,431,443,779.2,2809.1,0,1691.2,12
559,12.8,430.6,552.6,900.1,3474.5,66,1896,12
560,38,289.4,393,749.5,3313,0,1469.9,12
561,38,281.8,510.5,749.5,3282,0,1579.8,12
562,73.2,300.3,256.6,753.8,5590,0,1383.8,12
563,12.8,561.8,528.3,991.9,5146.1,0,2094.8,12
564,91.1,285.5,567.3,807.2,2668.2,0,1751,12
565,38,466.7,619.8,973.6,3275.7,0,2098.1,12
566,38,330.4,449.3,779.2,2830.3,0,1597,12
569,38,432.5,548.5,779.2,2754.6,0,1798.2,12
570,38,292.7,821.5,784.2,5499.9,0,1936.4,12
571,38,374.1,510,784.2,2729.3,0,1706.4,12
573,91.1,451.7,476.7,773.7,2504.6,0,1793.2,12
576,38,309.6,568.5,906.6,3610.8,69.3,1822.7,12
578,73.2,460,569.1,759.4,2430.6,0,1861.8,12
579,0,295.5,671.9,1023.4,3468.4,0,1990.8,12
581,0,396.3,572.4,784.2,6153.1,0,1752.9,12
582,0,403.2,468.6,786.1,2716.6,0,1657.8,12
583,0,421,395.8,786.4,5430.4,0,1603.2,12
584,0,298.2,215.2,758.1,5383,0,1271.6,12
585,0,297.4,146.4,759.4,5307.5,0,1203.2,12
586,0,288.8,1,759.4,3261.5,0,1049.2,12
587,0,421.9,606.5,786.4,2669.2,0,1814.8,12
588,0,419.3,634.3,786.4,2622.1,0,1840,12
590,0,252.8,445,788.8,2630.4,0,1486.6,12
591,0,295.5,153.3,759.4,5277.5,0,1208.2,12
592,0,296.9,347.5,759.4,6253,0,1403.9,12
593,0,463.2,486.8,759.4,2366.4,0,1709.4,12
594,0,275.2,403.2,759.4,6162.9,0,1437.8,12
596,0,315.9,641.3,1076.7,4804.6,0,2033.8,12
597,0,423.6,253.5,788.8,2630.3,0,1465.9,12
598,0,291.6,415,761.5,3257.7,0,1468.1,12
600,0,461.2,599.4,861.8,3792.3,0,1922.4,12
601,0,285.9,527.3,788.8,2560.3,0,1602,12
606,0,268.9,410.7,788.8,2555.5,0,1468.4,12
607,0,434.4,374.2,798.3,2460.2,0,1606.9,12
608,0,304.3,519.7,798.3,2464,0,1622.3,12
609,0,290.8,451.1,761.5,5253.6,0,1503.4,12
610,0,385.8,340,798.3,5456.1,0,1524,12
612,0,349.7,298.6,761.5,5044.4,0,1409.8,12
613,0,256.3,532.2,798.3,2436.6,0,1586.8,12
614,0,298.8,428.1,763.8,3184.5,0,1490.7,12
616,0,414.8,434,767.2,2434.5,0,1616,12
618,0,259.1,415.9,768.1,3164.6,0,1443.1,12
619,0,339.2,341.9,768.1,3159.7,0,1449.2,12
620,0,492.8,436,890.7,2897.5,0,1819.5,12
622,0,458.5,467.1,1216.9,4844.1,0,2142.5,12
623,0,443.8,316.8,772.5,2453.2,0,1533.1,12
624,0,560.9,519.9,1000.1,4804.4,0,2080.9,12
625,0,446.6,453,772.5,2468.7,0,1672.2,12
626,0,472,459.8,988.8,4477.3,0,1920.6,12
627,0,302.6,230.5,772.5,5081.1,0,1305.6,12
630,0,294.8,551.5,798.3,4943.4,0,1644.6,12
631,0,281.7,441.8,772.5,3134.8,0,1496,12
632,0,283.9,420,772.5,4968.5,0,1476.3,12
633,0,297.7,608.7,773.7,6023,0,1680,12
635,0,253.8,461.8,813,5359.7,0,1528.6,12
636,0,270,410.6,776.2,3137.5,0,1456.8,12
637,0,257.1,571,813,4977.2,0,1641.1,12
638,0,292.1,336.9,778.3,3054.6,0,1407.3,12
640,0,311.4,432.5,924.9,3606.2,71.2,1668.9,12
642,0,276.5,260.1,778.3,3047,0,1314.9,12
644,0,276.7,382.5,778.3,3003.5,0,1437.4,12
645,0,287.2,397,778.3,5952.3,0,1462.5,12
646,0,306.6,482.5,1018.4,4005.3,0,1807.4,12
648,0,422.1,372.6,813,4891.3,0,1607.7,12
649,0,299.4,412.2,779.8,3041.3,0,1491.4,12
650,0,319.6,630.9,1347.8,5288.7,0,2298.3,12
651,0,294.3,329.3,781.2,3028.6,0,1404.8,12
652,0,434.1,500.6,1018.5,3404.7,0,1953.2,12
654,0,512.2,459.4,1047.5,3668.4,0,2019,12
656,0,298.4,286.5,781.2,4863.8,0,1366.1,12
659,0,313,663.9,1015.8,4736.3,0,1992.7,12
660,0,268.8,534.8,815.8,4514.2,0,1619.4,12
661,0,275.3,277.2,781.4,2998.2,0,1333.9,12
662,0,291.8,210.4,784.1,5769,0,1286.3,12
664,0,290.4,290.2,784.1,2960,0,1364.7,12
665,0,296.8,638.9,784.2,2952.3,0,1720,12
666,0,296.5,382.8,784.3,4834.4,0,1463.6,12
667,0,301.8,423.7,784.3,2947.1,0,1509.8,12
669,0,268.4,285.6,784.3,2926.2,0,1338.3,12
671,0,253.6,402.5,786.2,2906.2,0,1442.3,12
672,0,274.9,366.1,374.1,4459.8,0,1015.1,12
673,0,289.6,261.5,374.7,2251.4,0,925.8,12
674,0,288.4,546.9,380,2240,0,1215.3,12
675,0,419.5,531.1,380,2164,0,1330.6,12
676,0,301.3,95.6,374.7,2900,0,771.6,12
677,0,289.4,345,374.7,2895.7,0,1009.1,12
678,0,510.9,594,415.9,2470.1,0,1520.8,12
679,0,321.1,641.2,415.9,2342.5,0,1378.3,12
680,0,280.7,497.1,376.9,2228.2,0,1154.7,12
681,0,423.2,558,388.4,2175.8,0,1369.5,12
682,0,278.7,573.2,388.4,2149,0,1240.3,12
683,0,300.9,383.7,376.9,5864.9,0,1061.6,12
684,0,393.1,293.3,388.4,4839,0,1074.8,12
685,0,258,606.9,388.4,4378.2,0,1253.3,12
686,0,262.7,698.9,400.4,3128,0,1362,12
687,0,302.8,637.2,487.6,1947.3,0,1427.6,12
688,0,415.3,438.8,393.2,2144,0,1247.3,12
689,0,387.9,349.9,393.2,4233,0,1131,12
690,0,284,483.2,393.2,2159.2,0,1160.4,12
691,0,442.6,439.6,393.2,4681.6,0,1275.4,12
692,0,386.8,417.9,396.8,4650.4,0,1201.5,12
693,0,294.9,419.7,396.8,2120.9,0,1111.4,12
694,0,419.9,320.3,399.2,2088.9,0,1139.5,12
695,0,396.4,311.4,399.2,4231.1,0,1106.9,12
696,0,421.8,460.6,399.2,4087.2,0,1281.6,12
697,0,294.3,815.2,463.7,1936.5,0,1573.2,12
698,0,553.7,4.8,289.6,4101.5,38.6,848.1,12
699,0,296.9,5.7,251,2850.5,12.9,553.6,12
700,0,297.7,481.5,487.6,2036,0,1266.8,12
701,0,404.7,463.2,400.4,2102,0,1268.4,12
702,0,267.2,4.2,238.1,4731.8,6.4,509.5,12
703,0,391.2,492.8,415.9,2033.6,0,1299.9,12
704,0,292.6,748.7,521.1,1936.1,0,1562.4,12
705,0,554.9,444.6,475.1,1945.4,0,1474.6,12
706,0,404.4,329.7,415.9,2018.2,0,1150,12
707,0,306.5,1.6,231.7,2886.6,0,539.8,12
708,0,415.5,344.9,415.9,2003.3,0,1176.3,12
709,0,298.1,338.8,383.6,2842.3,0,1020.6,12
710,0,286.4,300.5,383.6,4702.1,0,970.5,12
711,0,248.5,8.1,378.1,3976.8,50.4,634.7,12
712,0,257.1,3.8,327.7,2828.8,16.8,588.7,12
713,0,248,3.1,310.9,4688.4,8.4,561.9,12
714,0,430.7,700.1,505.8,4025.6,38.9,1636.6,12
715,0,261.1,611.6,415.9,4372.9,0,1288.6,12
716,0,280.8,28.7,466.9,4714.6,0,776.4,12
717,0,276.9,6.5,302.5,2818,0,586,12
718,0,499.5,27.1,384.8,3217.5,41.2,911.4,12
719,0,471.2,532.2,438.6,1903.8,0,1442,12
720,0,429.4,784.4,493,2187.4,0,1706.8,12
721,0,276.3,3.6,343.6,4614.6,13.7,623.5,12
722,0,274.3,580.1,415.9,1982.4,0,1270.2,12
723,0,248.6,16.3,329.8,2820.5,0,594.7,12
724,0,297.3,395.3,383.6,2201.5,0,1076.2,12
725,0,420.4,419.3,415.9,1986.4,0,1255.7,12
726,0,271.7,487.3,415.9,1993,0,1174.9,12
727,0,456.9,464.1,415.9,3641.9,0,1336.9,12
728,0,306.1,389.1,389.9,2139.8,0,1085.1,12
729,0,416.8,385,415.9,1940.4,0,1217.6,12
730,0,296.3,671.3,507.5,1929.5,0,1475.1,12
731,0,412,498.2,415.9,4077.2,0,1326.1,12
732,0,279.7,454.3,392.1,5630.7,0,1126,12
733,0,265.4,362.1,392.1,2122.6,0,1019.6,12
734,0,277.1,445.6,415.9,3769.6,0,1138.6,12
735,0,267.8,201.1,392.1,2107.8,0,861,12
736,0,306.5,326.6,398.7,2800.5,0,1031.8,12
737,0,418.4,538.8,527.4,3348.8,40.6,1484.6,12
738,0,436.5,570.1,415.9,2449.8,0,1422.5,12
739,0,291.9,439.8,417.1,1930.9,0,1148.8,12
740,0,258.7,687.4,415.9,1950.9,0,1362,12
741,0,284.3,24.6,486.8,2818.3,0,795.7,12
742,0,284.1,284.9,398.7,2778.7,0,967.8,12
743,0,290.2,295.4,398.7,4639,0,984.4,12
744,0,257,541.8,417.1,1924.8,0,1215.9,12
745,0,271.8,336.1,404.6,2773.6,0,1012.5,12
746,0,380,352.1,451.7,1928.3,0,1183.7,12
747,0,288.7,496.7,404.6,2754.8,0,1190,12
748,0,436.3,69,353.8,3741.2,47.2,859.1,12
749,0,272.9,2.8,306.6,2779.9,15.7,582.3,12
750,0,298,8.1,290.9,4593.6,7.9,597,12
751,0,403.7,619.3,689.6,4119.9,0,1712.6,12
752,0,441.1,17.1,359.9,4202.9,48,818,12
753,0,397.8,261.3,451.7,3731.5,0,1110.8,12
754,0,299.9,0.9,283,4561.1,0,583.9,12
755,0,404,484.8,463.7,1925.9,0,1352.5,12
758,38,272.8,249.4,786.2,2736.7,0,1346.4,12
759,38,448.4,408.8,802.8,2557.1,0,1698,12
763,73.2,307.7,408.1,787.9,5458,0,1576.9,12
764,12.8,296.7,328.2,787,2683.7,0,1424.7,12
765,73.2,457.3,552.8,1358,5305.9,0,2441.3,12
766,73.2,416.1,415.4,787.9,2672.8,0,1692.6,12
767,12.8,273.2,403.8,790.1,2690.3,0,1479.9,12
769,12.8,295.4,316.1,790.1,5691.2,0,1414.4,12
770,38,411.4,644.4,802.8,4362.1,0,1896.6,12
772,73.2,552.6,479.3,845,3453.4,0,1950.1,12
775,38,297.5,487.7,802.8,2615,0,1626,12
776,91.1,342.7,551.8,790.8,4496.8,0,1776.4,12
777,91.1,342.3,407.1,792,2662.9,0,1632.4,12
778,38,422.4,510,803.1,2610.6,0,1773.5,12
779,12.8,263.4,338.1,793.7,2648.8,0,1408,12
781,12.8,298.2,577.8,794.2,2663.7,0,1683,12
782,73.2,287.5,495.2,894.5,3579.7,64.9,1750.3,12
783,38,440.5,291.2,809.2,2608.2,0,1578.9,12
784,38,442.1,343.1,820.3,2600.5,0,1643.5,12
786,12.8,291.3,1.8,794.2,2665.3,0,1100,12
787,12.8,264.1,531.9,794.2,2649.4,0,1602.9,12
788,38,441.6,291.5,820.3,2599.4,0,1591.4,12
795,73.2,428.1,394.8,823.1,2563.2,0,1719.2,12
796,73.2,287.2,447.5,824.8,2617.3,0,1632.7,12
797,91.1,299.1,698.9,797.3,2571,0,1886.3,12
798,38,432.2,468.2,894.4,3444.5,67.1,1832.9,12
800,12.8,301,220.7,794.2,5585.4,0,1328.6,12
801,73.2,298.7,355.5,824.8,5437.9,0,1552.2,12
803,91.1,305.5,323.9,800.5,2626.8,0,1521,12
804,38,416.4,380.4,827.4,2534.6,0,1662.3,12
805,91.1,284,519.8,800.5,2640.7,0,1695.4,12
807,12.8,266.4,238.9,801.5,2631.3,0,1319.7,12
809,38,425.8,277.4,829.7,2565.6,0,1570.9,12
810,12.8,291.7,158.6,802.9,2632.4,0,1265.9,12
811,91.1,295.8,357,803.8,5445.4,0,1547.7,12
812,38,397.5,447.9,829.7,2555.7,0,1713,12
813,91.1,300.2,666.6,803.8,2513.5,0,1861.7,12
814,38,440.3,400.5,829.7,4392.9,0,1708.4,12
815,91.1,440.3,447.9,803.9,2512,0,1783.2,12
819,91.1,257.9,424.1,807.2,5347.8,0,1580.4,12
820,12.8,298.7,41.4,808.5,4492.1,0,1161.4,12
821,12.8,264.6,199.3,809,2624.7,0,1285.7,12
822,12.8,248.8,557.2,810.2,2583,0,1629,12
823,12.8,260,285.6,811.1,5321.2,0,1369.5,12
826,73.2,425.7,302.9,839.9,5234.6,0,1641.7,12
829,12.8,301.8,145.2,811.1,2613.8,0,1270.9,12
830,12.8,266.8,260,813.9,4395,0,1353.4,12
833,0,268,225.2,813.9,2614.6,0,1307,12
835,0,317.4,635.4,927,4003.7,0,1879.9,12
836,0,288.8,504.2,813.9,2567.8,0,1606.9,12
837,0,297.4,388.6,815.3,2566.9,0,1501.3,12
838,0,344.9,373.1,816,4395.6,0,1534,12
840,0,419.3,499.1,839.9,4316.6,0,1758.3,12
841,0,428.5,517.6,839.9,5051.2,0,1786,12
843,0,305.7,463.2,831.8,3325.5,0,1600.7,12
844,0,446.2,412.3,839.9,4339.6,0,1698.5,12
845,0,294.2,95.9,817.5,2552.1,0,1207.6,12
848,0,435.1,387.1,841.1,5078.2,0,1663.3,12
849,0,273.1,676.4,890.8,3519.6,67.1,1840.3,12
850,0,286.1,558.9,841.1,4132.8,0,1686.2,12
851,0,456.6,541.1,1277.8,4393.7,0,2275.5,12
852,0,261.7,423.5,818.6,2545.3,0,1503.8,12
854,0,294.5,428.6,818.9,4331,0,1542.1,12
857,0,453.8,597.1,872.2,3328.5,0,1923.2,12
861,0,443.1,160.8,841.1,4157.9,0,1445,12
863,0,455.6,429.1,1277.8,3999.3,0,2162.5,12
865,0,304.8,379.4,819.8,2532,0,1504,12
866,0,553.1,502.7,1129.7,3619.3,0,2185.5,12
868,0,275.6,461.4,826.8,3997.7,0,1563.8,12
869,0,441.1,259.3,841.1,5144,0,1541.5,12
870,0,439.3,585.1,895.3,3444.2,0,1919.7,12
871,0,275.9,224.2,819.8,5166.8,0,1319.9,12
873,0,305.8,386.3,819.8,4283.5,0,1511.9,12
874,0,323.8,583.9,1278,3908.5,0,2185.7,12
877,0,440.9,361.2,853.4,4156.7,0,1655.4,12
878,0,444,316.7,853.4,4047.1,0,1614.2,12
879,0,288.8,449.3,853.4,4059,0,1591.5,12
880,0,271.2,367.3,821.2,4088.8,0,1459.7,12
881,0,423.1,555.5,890.7,3693.7,0,1869.2,12
882,0,282.9,295.2,821.7,5007.3,0,1399.8,12
888,0,292.7,550,854.8,5029.6,0,1697.5,12
889,0,294.7,64.2,823,4183.3,0,1182,12
890,0,442.9,543.5,1311.6,4590.8,0,2298,12
891,0,400.9,401.4,854.8,4854.9,0,1657.1,12
893,0,442.7,466.9,861.7,4351.5,0,1771.3,12
894,0,439,409.9,861.7,3767.5,0,1710.6,12
895,0,294.5,474.1,865.8,3664.9,0,1634.4,12
898,0,441.6,306.7,870.8,4129.9,0,1619.1,12
899,0,306.5,495,870.8,4104,0,1672.3,12
903,0,306.2,272.8,823.6,4063.8,0,1402.7,12
904,0,280.2,333.3,824.1,4073.9,0,1437.6,12
905,0,444.2,324.1,872,3627.1,0,1640.3,12
906,0,454.1,549,831.8,2634.6,0,1835,12
908,0,433.8,298.1,872,3646.5,0,1603.9,12
910,0,304.7,551.2,872,3538.5,0,1727.9,12
912,0,460.5,559.2,1135,3828.8,0,2154.7,12
913,0,274.5,194.5,824.1,4043,0,1293.1,12
914,0,258,416.7,829,4930.4,0,1503.7,12
915,0,466.1,578.2,933.8,2999.9,0,1978.1,12
916,0,462.9,496.8,1026.2,3521.3,201.1,1986,12
917,0,444.6,449.3,872,3568.5,0,1766,12
918,0,254.2,508.8,825.2,4364.3,0,1588.1,12
921,0,291.6,605.8,872.2,3355.7,0,1769.6,12
922,0,252.2,304.3,825.2,4070.2,0,1381.7,12
926,0,271.2,5,311.9,2414.2,16,588.1,12
927,0,282.4,4.2,295.9,4021.2,8,582.5,12
928,0,414.2,344.6,409.4,3510.8,0,1168.1,12
929,0,453.6,438.6,589.2,1942.1,0,1481.3,12
930,0,275.2,12.7,287.9,2386.4,0,575.9,12
931,0,514.6,388,639.4,2098.4,0,1542,12
932,0,416.4,427.1,409.4,2219.2,0,1252.9,12
933,0,294.9,369.6,411.6,2404,0,1076,12
934,0,415.7,437.8,419.7,4429.6,0,1273.2,12
935,0,436.8,516.9,411.6,2170.6,0,1365.3,12
936,0,295.2,371.8,413.7,3959,0,1080.8,12
937,0,297.2,354,413.7,3925.5,0,1064.9,12
938,0,317.9,632.9,463.7,1911.5,0,1414.4,12
939,0,332.4,701.2,584.8,1929.4,0,1618.4,12
940,0,443.9,256.5,505.8,3011.5,38.9,1206.2,12
941,0,315.9,567.1,589.2,3331.7,0,1472.2,12
942,0,506.4,407.1,604.3,2208.7,0,1517.9,12
943,0,285.5,438.4,426.7,3423,0,1150.6,12
944,0,303.7,489.8,628.2,3169.4,0,1421.7,12
945,0,550,410.5,614.3,3055,0,1574.8,12
946,0,351.4,1.6,466.9,2374.7,0,819.9,12
947,0,262.9,461.5,419.7,2388.4,0,1144.1,12
948,0,426.5,481.1,660.9,2977.2,0,1568.5,12
949,0,275.9,471.8,426.7,2177,0,1174.4,12
950,0,300.6,104,419.7,3922.8,0,824.3,12
951,0,452.4,572.9,686.6,2405.1,0,1711.9,12
952,0,264.8,387.6,419.7,2377.5,0,1072.2,12
953,0,386.6,491.5,660.9,2521.9,0,1539,12
954,0,418.1,444.4,426.7,3340.6,0,1289.2,12
955,0,269.8,263.7,419.7,4338.6,0,953.2,12
956,0,291.6,158.3,420.6,4122.9,0,870.5,12
957,0,443,331.6,427.4,2154.2,0,1202,12
958,0,295.5,222.5,422.1,3975.8,0,940.1,12
959,0,402.6,434.7,427.4,2154.7,0,1264.7,12
960,0,381,579.9,494.8,1993.4,0,1455.6,12
961,0,314.1,43.9,331.7,4079.7,44.2,689.8,12
962,0,286.8,633.6,444.6,1979.8,0,1365,12
963,0,296.3,2.8,287.5,2373.2,14.7,586.6,12
964,0,438.1,350.4,432.9,2101,0,1221.4,12
965,0,306.5,2.8,272.8,2369,7.4,582.1,12
966,0,294.7,6.8,265.4,1930.8,0,566.8,12
967,0,547.6,469.1,567.5,1938.2,0,1584.3,12
968,0,555.9,471.5,479.1,1952.2,0,1506.5,12
969,0,276.2,286.5,422.1,3862.2,0,984.8,12
970,0,249.2,434,422.1,2321.3,0,1105.2,12
971,0,271,450.6,428.9,2348.5,0,1150.5,12
972,0,420,345.6,435.4,2083.4,0,1201,12
973,0,294.6,390.5,429.8,3843,0,1114.8,12
974,0,302.6,447.6,435.4,3123.7,0,1185.6,12
975,0,306.1,369.9,431.2,2318,0,1107.2,12
976,0,276.6,216.9,431.2,3847.5,0,924.8,12
977,0,440.2,226.4,437.9,3127.5,0,1104.5,12
978,0,439.3,252.7,441,2081,0,1133,12
979,0,295.4,290.5,441,2090.5,0,1026.9,12
980,0,444,386.7,450,2117.1,0,1280.7,12
981,0,412.7,276.9,457,2017.9,0,1146.5,12
982,0,272.8,423,433.4,3773.1,0,1129.2,12
983,0,308,109.6,433.4,4127.6,0,851,12
984,0,284.3,701.5,519,1911.9,0,1504.8,12
985,0,284,364.3,436.1,2350.7,0,1084.4,12
986,0,268.5,479,436.1,3656.6,0,1183.6,12
987,0,269.5,111.8,439.3,3645.8,0,820.7,12
988,0,264.6,317.8,439.3,2340.8,0,1021.7,12
989,0,290.8,592.9,465.7,1946.6,0,1349.4,12
990,0,449.6,533.4,587,1925.9,0,1570,12
991,0,429.8,637.1,454,1925.1,0,1520.9,12
992,0,291.8,378.8,441.7,3654.8,0,1112.3,12
993,0,433.5,640.9,601.7,2306,0,1676,12
994,0,462.4,494.2,574,1956.2,0,1530.6,12
995,0,443.9,332,465.7,1940.2,0,1241.6,12
996,0,449,343.6,465.7,1918,0,1258.3,12
997,0,275.2,375.4,454,4163.2,0,1104.6,12
998,0,440.5,279.1,472.2,3040.9,0,1191.8,12
999,0,341.5,365.6,455.4,3624.5,0,1162.5,12
1000,0,498.9,538.9,516.7,2441.1,0,1554.5,12
1001,0,266.4,17.6,455.4,3852.8,0,739.5,12
1002,0,273.2,290.5,456.4,2314.9,0,1020.1,12
1003,0,439.2,324.5,472.2,1943.5,0,1235.9,12
1004,0,265.7,250.1,465.4,2334.4,0,981.2,12
1005,0,433.4,330,472.2,2835.2,0,1235.6,12
1006,0,442.7,351.9,472.2,1940,0,1266.9,12
1007,0,448.1,681,506.5,1937.8,0,1635.6,12
1008,0,290.9,208,465.4,3873.8,0,964.3,12
1009,0,535.6,473.1,465.4,1926.2,0,1474.1,12
1010,0,290.1,501,465.4,2291,0,1256.5,12
